column,PROMISES,V-RAPS
AIR FLOW,YES,YES
ART_DIA,YES,YES
ART_MEAN,YES,YES
ART_SYS,YES,YES
Annotations,YES,YES
CO2,YES,YES
CVP,YES,YES
ECG I,YES,YES
ECG II,YES,YES
ECG III,YES,YES
ECG V1,YES,YES
ECG V2,YES,YES
ECG V3,YES,YES
ECG V4,YES,YES
ECG V5,YES,YES
ECG V6,YES,YES
ECG aVF,YES,YES
ECG aVL,YES,YES
ECG aVR,YES,YES
ETCO2,YES,YES
HR,YES,YES
HR.1,YES,YES
HR.10,YES,YES
HR.11,YES,YES
HR.2,YES,YES
HR.3,YES,YES
HR.4,YES,YES
HR.5,YES,YES
HR.6,YES,YES
HR.7,YES,YES
HR.8,YES,YES
HR.9,YES,YES
LA M,YES,YES
NBP_MEAN,YES,YES
PAD,YES,YES
PAI,YES,YES
PAP,YES,YES
PAW,YES,YES
PA_DIA,YES,YES
PA_MEAN,YES,YES
PA_SYS,YES,YES
PLETH,YES,YES
PNI,YES,YES
PRES ART,YES,YES
PVC,YES,YES
RA M,YES,YES
RESP,YES,YES
RESP.1,YES,YES
RRc,YES,YES
SPO2,YES,YES
TV,YES,YES
peak paw,YES,YES
vt insp,YES,YES
