project,column,recordings,rows,non_null,nan,missing_pct
PROMISES,AIR FLOW,25,21817871,21817871,0,0.0
PROMISES,ART_DIA,7,3757871,9234,3748637,99.75
PROMISES,ART_MEAN,7,3757871,8969,3748902,99.76
PROMISES,ART_SYS,7,3757871,9276,3748595,99.75
PROMISES,Annotations,25,21817871,0,21817871,100.0
PROMISES,CO2,25,21817871,21817871,0,0.0
PROMISES,CVP,7,3757871,18790,3739081,99.5
PROMISES,ECG I,25,21817871,21817773,98,0.0
PROMISES,ECG II,25,21817871,21817808,63,0.0
PROMISES,ECG III,25,21817871,21817802,69,0.0
PROMISES,ECG V1,25,21817871,21817871,0,0.0
PROMISES,ECG V2,25,21817871,21817871,0,0.0
PROMISES,ECG V3,25,21817871,21817871,0,0.0
PROMISES,ECG V4,25,21817871,21817871,0,0.0
PROMISES,ECG V5,25,21817871,21817871,0,0.0
PROMISES,ECG V6,25,21817871,21817871,0,0.0
PROMISES,ECG aVF,25,21817871,21817833,38,0.0
PROMISES,ECG aVL,25,21817871,21817829,42,0.0
PROMISES,ECG aVR,25,21817871,21817824,47,0.0
PROMISES,ETCO2,7,3757871,2680,3755191,99.93
PROMISES,HR,7,3757871,5305,3752566,99.86
PROMISES,HR.1,7,3757871,18790,3739081,99.5
PROMISES,HR.10,7,3757871,18790,3739081,99.5
PROMISES,HR.11,7,3757871,18790,3739081,99.5
PROMISES,HR.2,7,3757871,18790,3739081,99.5
PROMISES,HR.3,7,3757871,18790,3739081,99.5
PROMISES,HR.4,7,3757871,18790,3739081,99.5
PROMISES,HR.5,7,3757871,18790,3739081,99.5
PROMISES,HR.6,7,3757871,18790,3739081,99.5
PROMISES,HR.7,7,3757871,18790,3739081,99.5
PROMISES,HR.8,7,3757871,18790,3739081,99.5
PROMISES,HR.9,7,3757871,18790,3739081,99.5
PROMISES,LA M,7,3757871,18790,3739081,99.5
PROMISES,NBP_MEAN,7,3757871,6775,3751096,99.82
PROMISES,PAD,25,21817871,21817871,0,0.0
PROMISES,PAI,25,21817871,21817871,0,0.0
PROMISES,PAP,25,21817871,21817871,0,0.0
PROMISES,PAW,25,21817871,21817871,0,0.0
PROMISES,PA_DIA,7,3757871,6775,3751096,99.82
PROMISES,PA_MEAN,7,3757871,0,3757871,100.0
PROMISES,PA_SYS,7,3757871,6775,3751096,99.82
PROMISES,PLETH,25,21817871,21817871,0,0.0
PROMISES,PNI,25,21817871,21817871,0,0.0
PROMISES,PRES ART,25,21817871,21817871,0,0.0
PROMISES,PVC,25,21817871,21817871,0,0.0
PROMISES,RA M,7,3757871,18790,3739081,99.5
PROMISES,RESP,25,21817871,21817871,0,0.0
PROMISES,RESP.1,7,3757871,18790,3739081,99.5
PROMISES,RRc,7,3757871,18790,3739081,99.5
PROMISES,SPO2,7,3757871,5344,3752527,99.86
PROMISES,TV,25,21817871,21817871,0,0.0
PROMISES,peak paw,7,3757871,18790,3739081,99.5
PROMISES,vt insp,7,3757871,18790,3739081,99.5
V-RAPS,AIR FLOW,24,35729424,35707066,22358,0.06
V-RAPS,ART_DIA,12,16223212,10,16223202,100.0
V-RAPS,ART_MEAN,12,16223212,0,16223212,100.0
V-RAPS,ART_SYS,12,16223212,10,16223202,100.0
V-RAPS,Annotations,24,35729424,0,35729424,100.0
V-RAPS,CO2,24,35729424,28607822,7121602,19.93
V-RAPS,CVP,12,16223212,81128,16142084,99.5
V-RAPS,ECG I,24,35729424,35729313,111,0.0
V-RAPS,ECG II,24,35729424,35729304,120,0.0
V-RAPS,ECG III,24,35729424,35729291,133,0.0
V-RAPS,ECG V1,24,35729424,35729424,0,0.0
V-RAPS,ECG V2,24,35729424,35729424,0,0.0
V-RAPS,ECG V3,24,35729424,35729424,0,0.0
V-RAPS,ECG V4,24,35729424,35729424,0,0.0
V-RAPS,ECG V5,24,35729424,35729424,0,0.0
V-RAPS,ECG V6,24,35729424,35729424,0,0.0
V-RAPS,ECG aVF,24,35729424,35729305,119,0.0
V-RAPS,ECG aVL,24,35729424,35729289,135,0.0
V-RAPS,ECG aVR,24,35729424,35729295,129,0.0
V-RAPS,ETCO2,12,16223212,33667,16189545,99.79
V-RAPS,HR,12,16223212,38044,16185168,99.77
V-RAPS,HR.1,12,16223212,81128,16142084,99.5
V-RAPS,HR.10,12,16223212,81128,16142084,99.5
V-RAPS,HR.11,12,16223212,81128,16142084,99.5
V-RAPS,HR.2,12,16223212,81128,16142084,99.5
V-RAPS,HR.3,12,16223212,81128,16142084,99.5
V-RAPS,HR.4,12,16223212,81128,16142084,99.5
V-RAPS,HR.5,12,16223212,81128,16142084,99.5
V-RAPS,HR.6,12,16223212,81128,16142084,99.5
V-RAPS,HR.7,12,16223212,81128,16142084,99.5
V-RAPS,HR.8,12,16223212,81128,16142084,99.5
V-RAPS,HR.9,12,16223212,81128,16142084,99.5
V-RAPS,LA M,12,16223212,81128,16142084,99.5
V-RAPS,NBP_MEAN,12,16223212,58654,16164558,99.64
V-RAPS,PAD,24,35729424,35729424,0,0.0
V-RAPS,PAI,24,35729424,35729424,0,0.0
V-RAPS,PAP,24,35729424,35729424,0,0.0
V-RAPS,PAW,24,35729424,32816970,2912454,8.15
V-RAPS,PA_DIA,12,16223212,58661,16164551,99.64
V-RAPS,PA_MEAN,12,16223212,0,16223212,100.0
V-RAPS,PA_SYS,12,16223212,57682,16165530,99.64
V-RAPS,PLETH,24,35729424,22571948,13157476,36.83
V-RAPS,PNI,24,35729424,22630687,13098737,36.66
V-RAPS,PRES ART,24,35729424,35729424,0,0.0
V-RAPS,PVC,24,35729424,35729424,0,0.0
V-RAPS,RA M,12,16223212,81128,16142084,99.5
V-RAPS,RESP,24,35729424,35729424,0,0.0
V-RAPS,RESP.1,12,16223212,81128,16142084,99.5
V-RAPS,RRc,12,16223212,81128,16142084,99.5
V-RAPS,SPO2,12,16223212,55180,16168032,99.66
V-RAPS,TV,24,35729424,27781694,7947730,22.24
V-RAPS,peak paw,12,16223212,81128,16142084,99.5
V-RAPS,vt insp,12,16223212,81128,16142084,99.5
