column,projects,recordings,total_rows,total_non_null,total_nan,missing_pct
AIR FLOW,2,49,57547295,57524937,22358,0.04
ART_DIA,2,19,19981083,9244,19971839,99.95
ART_MEAN,2,19,19981083,8969,19972114,99.96
ART_SYS,2,19,19981083,9286,19971797,99.95
Annotations,2,49,57547295,0,57547295,100.0
CO2,2,49,57547295,50425693,7121602,12.38
CVP,2,19,19981083,99918,19881165,99.5
ECG I,2,49,57547295,57547086,209,0.0
ECG II,2,49,57547295,57547112,183,0.0
ECG III,2,49,57547295,57547093,202,0.0
ECG V1,2,49,57547295,57547295,0,0.0
ECG V2,2,49,57547295,57547295,0,0.0
ECG V3,2,49,57547295,57547295,0,0.0
ECG V4,2,49,57547295,57547295,0,0.0
ECG V5,2,49,57547295,57547295,0,0.0
ECG V6,2,49,57547295,57547295,0,0.0
ECG aVF,2,49,57547295,57547138,157,0.0
ECG aVL,2,49,57547295,57547118,177,0.0
ECG aVR,2,49,57547295,57547119,176,0.0
ETCO2,2,19,19981083,36347,19944736,99.82
HR,2,19,19981083,43349,19937734,99.78
HR.1,2,19,19981083,99918,19881165,99.5
HR.10,2,19,19981083,99918,19881165,99.5
HR.11,2,19,19981083,99918,19881165,99.5
HR.2,2,19,19981083,99918,19881165,99.5
HR.3,2,19,19981083,99918,19881165,99.5
HR.4,2,19,19981083,99918,19881165,99.5
HR.5,2,19,19981083,99918,19881165,99.5
HR.6,2,19,19981083,99918,19881165,99.5
HR.7,2,19,19981083,99918,19881165,99.5
HR.8,2,19,19981083,99918,19881165,99.5
HR.9,2,19,19981083,99918,19881165,99.5
LA M,2,19,19981083,99918,19881165,99.5
NBP_MEAN,2,19,19981083,65429,19915654,99.67
PAD,2,49,57547295,57547295,0,0.0
PAI,2,49,57547295,57547295,0,0.0
PAP,2,49,57547295,57547295,0,0.0
PAW,2,49,57547295,54634841,2912454,5.06
PA_DIA,2,19,19981083,65436,19915647,99.67
PA_MEAN,2,19,19981083,0,19981083,100.0
PA_SYS,2,19,19981083,64457,19916626,99.68
PLETH,2,49,57547295,44389819,13157476,22.86
PNI,2,49,57547295,44448558,13098737,22.76
PRES ART,2,49,57547295,57547295,0,0.0
PVC,2,49,57547295,57547295,0,0.0
RA M,2,19,19981083,99918,19881165,99.5
RESP,2,49,57547295,57547295,0,0.0
RESP.1,2,19,19981083,99918,19881165,99.5
RRc,2,19,19981083,99918,19881165,99.5
SPO2,2,19,19981083,60524,19920559,99.7
TV,2,49,57547295,49599565,7947730,13.81
peak paw,2,19,19981083,99918,19881165,99.5
vt insp,2,19,19981083,99918,19881165,99.5
