timestamp,time_s,ECG_raw_mV,ECG_filtered_mV,ECG__qc
2026-01-01 08:00:00.000000000,0.0,0.0011394058885645,-0.00392301663206,VALID
2026-01-01 08:00:00.999999720,0.99972,0.1312715620835653,0.0574559100044823,VALID
2026-01-01 08:00:01.999999440,1.99944,0.066206211660494,0.0241647977571758,VALID
2026-01-01 08:00:02.999999160,2.9991600000000003,-0.0649516955630967,-0.009408644726172,VALID
2026-01-01 08:00:03.999998880,3.99888,0.1006681701010902,-0.0425334938663837,MOTION_ARTIFACT
2026-01-01 08:00:04.999998600,4.9986,-0.0066667685004666,0.0505064879961014,MOTION_ARTIFACT
2026-01-01 08:00:05.999998320,5.9983200000000005,-0.1279795667446993,-0.0221075000961889,VALID
2026-01-01 08:00:06.999998040,6.9980400000000005,0.2976278733872825,-0.003351047050901,VALID
2026-01-01 08:00:07.999997760,7.99776,0.0535088739392103,0.0140710845512723,VALID
2026-01-01 08:00:08.999997480,8.99748,0.0116461726135508,0.0949700052099358,VALID
2026-01-01 08:00:09.999997200,9.9972,-0.0611618491622225,0.0276552912338657,NOISY
2026-01-01 08:00:10.999996920,10.99692,0.1144078489817702,-0.0695324918884716,NOISY
2026-01-01 08:00:11.999996640,11.99664,0.0649264579232323,0.0017332281177315,NOISY
2026-01-01 08:00:12.999996360,12.99636,-0.0582037298454216,0.0230697469867971,NOISY
2026-01-01 08:00:13.999996080,13.99608,0.2435330327809144,-0.0530826120348819,NOISY
2026-01-01 08:00:14.999995800,14.9958,0.0046866450850619,0.0245752155015665,VALID
2026-01-01 08:00:15.999995520,15.99552,-0.2468959964053998,-0.3923429095590141,VALID
2026-01-01 08:00:16.999995240,16.99524,0.1690893001389596,-0.0523670427415723,VALID
2026-01-01 08:00:17.999994960,17.99496,0.071183445211785,-0.0156254551848275,VALID
2026-01-01 08:00:18.999994680,18.99468,-0.1070070822683888,-0.0098109036276672,VALID
2026-01-01 08:00:19.999994400,19.9944,0.6318249790305299,0.3912729295463182,MOTION_ARTIFACT
2026-01-01 08:00:20.999994120,20.99412,0.3216907714798719,-0.0555937348301259,MOTION_ARTIFACT
2026-01-01 08:00:21.999993840,21.99384,0.4468607481584075,-0.000764568793394,VALID
2026-01-01 08:00:22.999993560,22.99356,0.3756615011548497,-0.0056328775217163,VALID
2026-01-01 08:00:23.999993280,23.99328,0.2809536972796982,-0.0686796575388796,MOTION_ARTIFACT
2026-01-01 08:00:24.999993000,24.993,0.0116292320079906,-0.0609152166641251,MOTION_ARTIFACT
2026-01-01 08:00:25.999992720,25.99272,0.8564256045259967,0.4724030051054311,VALID
2026-01-01 08:00:26.999992440,26.99244,0.0813091222483733,0.0234135258896524,VALID
2026-01-01 08:00:27.999992160,27.99216,0.1573715911373159,-0.0219832788884045,VALID
2026-01-01 08:00:28.999991880,28.99188,-0.1266822931078522,-0.0222867782524744,VALID
2026-01-01 08:00:29.999991600,29.9916,0.0,0.0049230696143555,FLATLINE
2026-01-01 08:00:30.999991320,30.99132,0.0,0.0090415946118159,FLATLINE
2026-01-01 08:00:31.999991040,31.99104,0.0,0.0024875449301146,FLATLINE
2026-01-01 08:00:32.999990760,32.99076,-0.0660077376984027,-0.0163599354208872,VALID
2026-01-01 08:00:33.999990480,33.99048,0.1075441062952283,-0.0291605351592715,MOTION_ARTIFACT
2026-01-01 08:00:34.999990200,34.9902,0.0610338667314197,0.0557921642472674,MOTION_ARTIFACT
2026-01-01 08:00:35.999989920,35.98992,0.1806218627948653,0.2090492135595507,VALID
2026-01-01 08:00:36.999989640,36.98964,0.0805464346968111,0.0627510564339162,VALID
2026-01-01 08:00:37.999989360,37.98936,0.2311840388708628,0.0175080337460604,VALID
2026-01-01 08:00:38.999989080,38.98908,-0.1137214496339818,0.0025998390916585,VALID
2026-01-01 08:00:39.999988800,39.9888,0.0344600582842551,-0.0253815308800097,VALID
2026-01-01 08:00:40.999988520,40.98852,0.1203807647802035,-0.0263623545950564,VALID
2026-01-01 08:00:41.999988240,41.98824,0.17124722972776,-0.0155704720453188,VALID
2026-01-01 08:00:42.999987960,42.98796,-0.0618235587195099,-0.0015604900702197,VALID
2026-01-01 08:00:43.999987680,43.98768,0.112173821007552,-0.0031639006920713,MOTION_ARTIFACT
2026-01-01 08:00:44.999987400,44.9874,0.0650306919055907,0.0079933750919856,MOTION_ARTIFACT
2026-01-01 08:00:45.999987120,45.98712,0.3461961814676212,0.2868951699070359,VALID
2026-01-01 08:00:46.999986840,46.98684,0.0919684908702574,0.0412475888719032,VALID
2026-01-01 08:00:47.999986560,47.98656,0.2138304165879449,0.0064997496438717,VALID
2026-01-01 08:00:48.999986280,48.98628,-0.1051196761921201,0.0279262713631707,VALID
2026-01-01 08:00:49.999986000,49.986,0.0756795966017694,0.0768593781764059,VALID
2026-01-01 08:00:50.999985720,50.98572,0.0934131132437465,0.0608732242592174,VALID
2026-01-01 08:00:51.999985440,51.98544,0.2093197621824776,0.0541248009083305,VALID
2026-01-01 08:00:52.999985160,52.98516,-0.0820438686547294,-0.011644836843746,VALID
2026-01-01 08:00:53.999984880,53.98488,0.1185353047649889,-0.0521272223427353,MOTION_ARTIFACT
2026-01-01 08:00:54.999984600,54.9846,0.022395909194895,-0.0348649953145927,MOTION_ARTIFACT
2026-01-01 08:00:55.999984320,55.98432,-0.0540884913326432,0.0670478506052518,VALID
2026-01-01 08:00:56.999984040,56.98404,0.0880834956144314,0.0614919773125871,VALID
2026-01-01 08:00:57.999983760,57.98376,0.3070788880775534,0.0466384991719972,VALID
2026-01-01 08:00:58.999983480,58.98348,-0.1170968080830354,0.0240933651717221,VALID
